SQL> -- ---------------------------------------------------------------
SQL> --
SQL> -- Name: < ALFRED NATZIC >
SQL> --
SQL> -- ------------------------------------------------------------
SQL> -- NULL AND SUBSTRINGS -------------------------------
SQL> --
SQL> /*(10A) DONE
SQL> Find the ssn and last name of every employee who doesn't have a  supervisor, or his last name contains at least two occurences of the letter 'a'. Sort the results by ssn.
SQL> */
SQL> SELECT ssn,lname
  2  FROM employee
  3  WHERE (super_ssn IS NULL OR lname LIKE '%a%a%')
  4  ORDER BY ssn;

SSN       LNAME                                                                 
--------- ---------------                                                       
666884444 Narayan                                                               
888665555 Borg                                                                  
987654321 Wallace                                                               
987987987 Jabbar                                                                
999887777 Zelaya                                                                

SQL> --
SQL> -- JOINING 3 TABLES ------------------------------
SQL> --
SQL> /*(11A) DONE
SQL> For every employee who works more than 30 hours on any project: Find the ssn, lname, project number, project name, and numer of hours. Sort the results by ssn.
SQL> */
SQL> SELECT E.ssn, E.lname, P.pnumber, P.pname, W.hours
  2  FROM employee E, project P, works_on W
  3  WHERE W.hours > 30 AND E.ssn = W.essn AND P.pnumber = W.pno
  4  ORDER BY E.ssn;

SSN       LNAME              PNUMBER PNAME                HOURS                 
--------- --------------- ---------- --------------- ----------                 
123456789 Smith                    1 ProductX              32.5                 
666884444 Narayan                  3 ProductZ                40                 
987987987 Jabbar                  10 Computerization         35                 

SQL> --
SQL> -- JOINING 3 TABLES ---------------------------
SQL> --
SQL> /*(12A)
SQL> Write a query that consists of one block only.
SQL> For every employee who works on a project that is not controlled by the department he works for: Find the employee's lname, the department he works for, the project number that he works on, and the number of the department that controls that project. Sort the results by lname.
SQL> */
SQL> SELECT E.lname, E.dno, P.pnumber, P.dnum
  2  FROM employee E, works_on W, project P
  3  WHERE NOT(E.dno = P.dnum) AND E.ssn = W.essn
  4  ORDER BY E.lname;

LNAME                  DNO    PNUMBER       DNUM                                
--------------- ---------- ---------- ----------                                
Borg                     1         30          4                                
Borg                     1         10          4                                
Borg                     1          3          5                                
Borg                     1          2          5                                
Borg                     1          1          5                                
English                  5         20          1                                
English                  5         20          1                                
English                  5         10          4                                
English                  5         30          4                                
English                  5         30          4                                
English                  5         10          4                                

LNAME                  DNO    PNUMBER       DNUM                                
--------------- ---------- ---------- ----------                                
Jabbar                   4         20          1                                
Jabbar                   4         20          1                                
Jabbar                   4          3          5                                
Jabbar                   4          3          5                                
Jabbar                   4          2          5                                
Jabbar                   4          2          5                                
Jabbar                   4          1          5                                
Jabbar                   4          1          5                                
Narayan                  5         20          1                                
Narayan                  5         30          4                                
Narayan                  5         10          4                                

LNAME                  DNO    PNUMBER       DNUM                                
--------------- ---------- ---------- ----------                                
Smith                    5         10          4                                
Smith                    5         10          4                                
Smith                    5         20          1                                
Smith                    5         20          1                                
Smith                    5         30          4                                
Smith                    5         30          4                                
Wallace                  4          3          5                                
Wallace                  4          3          5                                
Wallace                  4          2          5                                
Wallace                  4          2          5                                
Wallace                  4          1          5                                

LNAME                  DNO    PNUMBER       DNUM                                
--------------- ---------- ---------- ----------                                
Wallace                  4          1          5                                
Wallace                  4         20          1                                
Wallace                  4         20          1                                
Wong                     5         30          4                                
Wong                     5         30          4                                
Wong                     5         30          4                                
Wong                     5         30          4                                
Wong                     5         20          1                                
Wong                     5         20          1                                
Wong                     5         20          1                                
Wong                     5         20          1                                

LNAME                  DNO    PNUMBER       DNUM                                
--------------- ---------- ---------- ----------                                
Wong                     5         10          4                                
Wong                     5         10          4                                
Wong                     5         10          4                                
Wong                     5         10          4                                
Zelaya                   4          1          5                                
Zelaya                   4         20          1                                
Zelaya                   4         20          1                                
Zelaya                   4          3          5                                
Zelaya                   4          3          5                                
Zelaya                   4          2          5                                
Zelaya                   4          2          5                                

LNAME                  DNO    PNUMBER       DNUM                                
--------------- ---------- ---------- ----------                                
Zelaya                   4          1          5                                

56 rows selected.

SQL> --
SQL> -- JOINING 4 TABLES -------------------------
SQL> --
SQL> /*(13A) DONE
SQL> For every employee who works for more than 20 hours on any project that is located in the same location as his department: Find the ssn, lname, project number, project location, department number, and department location.Sort the results by lname
SQL> */
SQL> SELECT E.ssn, E.lname, P.pnumber, P.plocation, DLOC.dnumber, DLOC.dlocation
  2  FROM employee E, project P, dept_locations DLOC, works_on W
  3  WHERE ((E.ssn = W.essn AND P.pnumber = W.pno AND W.hours > 20) AND P.plocation = DLOC.dlocation)
  4  ORDER BY E.lname;

SSN       LNAME              PNUMBER PLOCATION          DNUMBER DLOCATION       
--------- --------------- ---------- --------------- ---------- --------------- 
987987987 Jabbar                  10 Stafford                 4 Stafford        
666884444 Narayan                  3 Houston                  1 Houston         
666884444 Narayan                  3 Houston                  5 Houston         
123456789 Smith                    1 Bellaire                 5 Bellaire        
999887777 Zelaya                  30 Stafford                 4 Stafford        

SQL> --
SQL> -- SELF JOIN -------------------------------------------
SQL> --
SQL> /*(14A) DONE
SQL> Write a query that consists of one block only.
SQL> For every employee whose salary is less than 70% of his immediate supervisor's salary: Find his ssn, lname, salary; and his supervisor's ssn, lname, and salary. Sort the results by ssn.
SQL> */
SQL> SELECT E1.ssn, E1.lname, E1.salary, E2.ssn, E2.lname, E2.salary
  2  FROM employee E1, employee E2
  3  WHERE (E2.ssn = E1.super_ssn AND (E1.salary < (E2.salary * 0.70)))
  4  ORDER BY E1.ssn, E2.ssn;

SSN       LNAME               SALARY SSN       LNAME               SALARY       
--------- --------------- ---------- --------- --------------- ----------       
453453453 English              25000 333445555 Wong                 40000       
987987987 Jabbar               25000 987654321 Wallace              43000       
999887777 Zelaya               25000 987654321 Wallace              43000       

SQL> --
SQL> -- USING MORE THAN ONE RANGE VARIABLE ON ONE TABLE -------------------
SQL> --
SQL> /*(15A)
SQL> For projects located in Houston: Find pairs of last names such that the two employees in the pair work on the same project. Remove duplicates. Sort the result by the lname in the left column in the result.
SQL> */
SQL> SELECT DISTINCT E1.lname, E2.lname
  2  FROM employee E1, employee E2, works_on W, project P
  3  WHERE NOT(E1.lname = E2.lname) AND (P.plocation = 'Houston') AND E1.ssn = W.essn
  4  ORDER BY E1.lname, E2.lname;

LNAME           LNAME                                                           
--------------- ---------------                                                 
Borg            English                                                         
Borg            Jabbar                                                          
Borg            Narayan                                                         
Borg            Smith                                                           
Borg            Wallace                                                         
Borg            Wong                                                            
Borg            Zelaya                                                          
English         Borg                                                            
English         Jabbar                                                          
English         Narayan                                                         
English         Smith                                                           

LNAME           LNAME                                                           
--------------- ---------------                                                 
English         Wallace                                                         
English         Wong                                                            
English         Zelaya                                                          
Jabbar          Borg                                                            
Jabbar          English                                                         
Jabbar          Narayan                                                         
Jabbar          Smith                                                           
Jabbar          Wallace                                                         
Jabbar          Wong                                                            
Jabbar          Zelaya                                                          
Narayan         Borg                                                            

LNAME           LNAME                                                           
--------------- ---------------                                                 
Narayan         English                                                         
Narayan         Jabbar                                                          
Narayan         Smith                                                           
Narayan         Wallace                                                         
Narayan         Wong                                                            
Narayan         Zelaya                                                          
Smith           Borg                                                            
Smith           English                                                         
Smith           Jabbar                                                          
Smith           Narayan                                                         
Smith           Wallace                                                         

LNAME           LNAME                                                           
--------------- ---------------                                                 
Smith           Wong                                                            
Smith           Zelaya                                                          
Wallace         Borg                                                            
Wallace         English                                                         
Wallace         Jabbar                                                          
Wallace         Narayan                                                         
Wallace         Smith                                                           
Wallace         Wong                                                            
Wallace         Zelaya                                                          
Wong            Borg                                                            
Wong            English                                                         

LNAME           LNAME                                                           
--------------- ---------------                                                 
Wong            Jabbar                                                          
Wong            Narayan                                                         
Wong            Smith                                                           
Wong            Wallace                                                         
Wong            Zelaya                                                          
Zelaya          Borg                                                            
Zelaya          English                                                         
Zelaya          Jabbar                                                          
Zelaya          Narayan                                                         
Zelaya          Smith                                                           
Zelaya          Wallace                                                         

LNAME           LNAME                                                           
--------------- ---------------                                                 
Zelaya          Wong                                                            

56 rows selected.

SQL> --
SQL> ------------------------------------
SQL> --
SQL> /*(16A) Hint: A NULL in the hours column should be considered as zero hours.
SQL> Find the ssn, lname, and the total number of hours worked on projects for every employee whose total is less than 40 hours. Sort the result by lname
SQL> */
SQL> SELECT E.ssn, W.hours, E.lname
  2  FROM employee E, works_on W
  3  GROUP BY E.ssn, W.essn, W.hours, E.lname
  4  HAVING SUM(W.hours) < 40
  5  ORDER BY E.lname;

SSN            HOURS LNAME                                                      
--------- ---------- ---------------                                            
888665555        7.5 Borg                                                       
888665555       32.5 Borg                                                       
888665555         15 Borg                                                       
888665555         20 Borg                                                       
888665555          5 Borg                                                       
888665555         35 Borg                                                       
888665555         10 Borg                                                       
888665555         30 Borg                                                       
453453453        7.5 English                                                    
453453453       32.5 English                                                    
453453453         15 English                                                    

SSN            HOURS LNAME                                                      
--------- ---------- ---------------                                            
453453453         20 English                                                    
453453453          5 English                                                    
453453453         35 English                                                    
453453453         10 English                                                    
453453453         30 English                                                    
987987987        7.5 Jabbar                                                     
987987987       32.5 Jabbar                                                     
987987987         15 Jabbar                                                     
987987987         20 Jabbar                                                     
987987987          5 Jabbar                                                     
987987987         35 Jabbar                                                     

SSN            HOURS LNAME                                                      
--------- ---------- ---------------                                            
987987987         10 Jabbar                                                     
987987987         30 Jabbar                                                     
666884444        7.5 Narayan                                                    
666884444       32.5 Narayan                                                    
666884444         15 Narayan                                                    
666884444         20 Narayan                                                    
666884444          5 Narayan                                                    
666884444         35 Narayan                                                    
666884444         10 Narayan                                                    
666884444         30 Narayan                                                    
123456789        7.5 Smith                                                      

SSN            HOURS LNAME                                                      
--------- ---------- ---------------                                            
123456789       32.5 Smith                                                      
123456789         15 Smith                                                      
123456789         20 Smith                                                      
123456789          5 Smith                                                      
123456789         35 Smith                                                      
123456789         10 Smith                                                      
123456789         30 Smith                                                      
987654321        7.5 Wallace                                                    
987654321       32.5 Wallace                                                    
987654321         15 Wallace                                                    
987654321         20 Wallace                                                    

SSN            HOURS LNAME                                                      
--------- ---------- ---------------                                            
987654321          5 Wallace                                                    
987654321         35 Wallace                                                    
987654321         10 Wallace                                                    
987654321         30 Wallace                                                    
333445555        7.5 Wong                                                       
333445555       32.5 Wong                                                       
333445555         15 Wong                                                       
333445555         20 Wong                                                       
333445555          5 Wong                                                       
333445555         35 Wong                                                       
333445555         10 Wong                                                       

SSN            HOURS LNAME                                                      
--------- ---------- ---------------                                            
333445555         30 Wong                                                       
999887777        7.5 Zelaya                                                     
999887777       32.5 Zelaya                                                     
999887777         15 Zelaya                                                     
999887777         20 Zelaya                                                     
999887777          5 Zelaya                                                     
999887777         35 Zelaya                                                     
999887777         10 Zelaya                                                     
999887777         30 Zelaya                                                     

64 rows selected.

SQL> --
SQL> ------------------------------------
SQL> --
SQL> /*(17A)
SQL> For every project that has more than 2 employees working on it: Find the project number, project name, number of employees working on it, and the total number of hours worked by all employees on that project. Sort the results by project number.
SQL> */
SQL> SELECT P.pnumber, P.pname, COUNT(W.essn), SUM(W.hours)
  2  FROM employee E, works_on W, project P
  3  WHERE W.pno = P.pnumber
  4  GROUP BY P.pnumber, P.pname, W.essn
  5  HAVING COUNT(W.essn) > 2
  6  ORDER BY P.pnumber;

   PNUMBER PNAME           COUNT(W.ESSN) SUM(W.HOURS)                           
---------- --------------- ------------- ------------                           
         1 ProductX                    8          260                           
         1 ProductX                    8          160                           
         2 ProductY                    8           60                           
         2 ProductY                    8           80                           
         2 ProductY                    8          160                           
         3 ProductZ                    8           80                           
         3 ProductZ                    8          320                           
        10 Computerization             8           80                           
        10 Computerization             8          280                           
        10 Computerization             8           80                           
        20 Reorganization              8           80                           

   PNUMBER PNAME           COUNT(W.ESSN) SUM(W.HOURS)                           
---------- --------------- ------------- ------------                           
        20 Reorganization              8                                        
        20 Reorganization              8          120                           
        30 Newbenefits                 8          160                           
        30 Newbenefits                 8           40                           
        30 Newbenefits                 8          240                           

16 rows selected.

SQL> --
SQL> -- CORRELATED SUBQUERY --------------------------------
SQL> --
SQL> /*(18A)
SQL> For every employee who has the highest salary in his department: Find the dno, ssn, lname, and salary . Sort the results by department number.
SQL> */
SQL> SELECT E.ssn, E.lname, E.salary, E.dno
  2  FROM employee E
  3  WHERE E.salary IN
  4  	     (SELECT MAX(E.salary)
  5  	     FROM department D
  6  	     WHERE E.dno = D.dnumber)
  7  ORDER BY E.dno;

SSN       LNAME               SALARY        DNO                                 
--------- --------------- ---------- ----------                                 
888665555 Borg                 55000          1                                 
987654321 Wallace              43000          4                                 
987987987 Jabbar               25000          4                                 
999887777 Zelaya               25000          4                                 
666884444 Narayan              38000          5                                 
123456789 Smith                30000          5                                 
453453453 English              25000          5                                 
333445555 Wong                 40000          5                                 

8 rows selected.

SQL> --
SQL> -- NON-CORRELATED SUBQUERY -------------------------------
SQL> --
SQL> /*(19A) DONE
SQL> For every employee who does not work on any project that is located in Houston: Find the ssn and lname. Sort the results by lname
SQL> */
SQL> SELECT E.ssn, E.lname
  2  	     FROM employee E
  3  	     WHERE
  4  	     E.ssn NOT IN (SELECT W.essn
  5  	     FROM works_on W, project P
  6  	     WHERE P.plocation = 'Houston' AND W.pno = P.pnumber)
  7  ORDER BY E.lname;

SSN       LNAME                                                                 
--------- ---------------                                                       
453453453 English                                                               
987987987 Jabbar                                                                
123456789 Smith                                                                 
999887777 Zelaya                                                                

SQL> --
SQL> -- DIVISION ---------------------------------------------
SQL> --
SQL> /*(20A) Hint: This is a DIVISION query DONE
SQL> For every employee who works on every project that is located in Stafford: Find the ssn and lname. Sort the results by lname
SQL> */
SQL> SELECT E.ssn, E. lname
  2  FROM employee E
  3  WHERE NOT EXISTS((SELECT P.plocation
  4  	     FROM project P
  5  	     WHERE P.plocation = 'Stafford')
  6  	     MINUS
  7  	     (SELECT P.plocation
  8  	     FROM project P, works_on W
  9  	     WHERE W.essn = E.ssn AND
 10  	     P.pnumber = W.pno AND
 11  	     P.plocation = 'Stafford'))
 12  ORDER BY E.lname;

SSN       LNAME                                                                 
--------- ---------------                                                       
987987987 Jabbar                                                                
987654321 Wallace                                                               
333445555 Wong                                                                  
999887777 Zelaya                                                                

SQL> --
SQL> SET ECHO OFF
